--
-- Dumping data for table `user`
--
INSERT INTO `user` (`UserID`,`FirstName`,`LastName`,`Password`,`ProfilePic`,`Street`,`City`,`Postal Code`,`Country`,`usertype`,`salt`) VALUES ('b3jn.hansen@yahoo.no','Bjn','Hann','b8c30092770c13ae16e1a2a05ab30132b51bd7e22aeeaf2ef3579bd69a54fbb5',NULL,'Oslo','171','02215','norway','S','b61c2331f2fc4233a22b6d033fb2611f');
INSERT INTO `user` (`UserID`,`FirstName`,`LastName`,`Password`,`ProfilePic`,`Street`,`City`,`Postal Code`,`Country`,`usertype`,`salt`) VALUES ('bij.hanen@yahoo.no','Bijn','Hann','d7697570462f7562b83e81258de0f1e41832e98072e44c36ec8efec46786e24e',NULL,'Ullevålsveien 14','Oslo','171','Norway','F','');
INSERT INTO `user` (`UserID`,`FirstName`,`LastName`,`Password`,`ProfilePic`,`Street`,`City`,`Postal Code`,`Country`,`usertype`,`salt`) VALUES ('bjn.hansen@yahoo.no','Bjn','Hann','aeece66b194b7e0d3d5ac598f19f20a0987f6af9c4e6144afa80be456a4cb417',NULL,'Ullevålsveien 14','Oslo','171','Norway','S','');
INSERT INTO `user` (`UserID`,`FirstName`,`LastName`,`Password`,`ProfilePic`,`Street`,`City`,`Postal Code`,`Country`,`usertype`,`salt`) VALUES ('bjorn.hansen@yahoo.no','Bj?©rn','Hansen','94edf28c6d6da38fd35d7ad53e485307f89fbeaf120485c8d17a43f323deee71',NULL,'Ullev?Ñlsveien 14','Oslo','171','Norway',NULL,'');
INSERT INTO `user` (`UserID`,`FirstName`,`LastName`,`Password`,`ProfilePic`,`Street`,`City`,`Postal Code`,`Country`,`usertype`,`salt`) VALUES ('d2u@husky.neu.edu','du','yi','977cab510db7072476e41976f0fb9c7069fc83e2151a766d8594b71a41393ab8',NULL,'bb','b','2222','d\'d','S','4cd3e0cf7d2c4befa9ae01b99df56efd');
INSERT INTO `user` (`UserID`,`FirstName`,`LastName`,`Password`,`ProfilePic`,`Street`,`City`,`Postal Code`,`Country`,`usertype`,`salt`) VALUES ('d3u@husky.neu.edu','du','yi','675f7ef626675de86b31243f89419229e1654dbfa80ef73ec544271034f53a5a',NULL,'dddd','dddd','34535','sdsdfs','A','c0adadd36d484a4badbd670282113b10');
INSERT INTO `user` (`UserID`,`FirstName`,`LastName`,`Password`,`ProfilePic`,`Street`,`City`,`Postal Code`,`Country`,`usertype`,`salt`) VALUES ('d4u@husky.neu.edu','du','yi','343986da5fcf17e9821a1c4b5e97f69266531c503996dd9fa04fd5482ea19a66',NULL,'asdfas','asdfd','23234','asdfas','A','79b24e30c40249d99aef297d56a4b269');
INSERT INTO `user` (`UserID`,`FirstName`,`LastName`,`Password`,`ProfilePic`,`Street`,`City`,`Postal Code`,`Country`,`usertype`,`salt`) VALUES ('d5u@husky.neu.edu','asd','yi','853e96a026134af4c3ac9d53f90feca04c7a6508a2e5bcc55e32d05be61ac70a',NULL,'asdfasd','asdfasuserdf','435345','asdf','F','1ea18f43ca0b40c5a67986190b0b2930');
INSERT INTO `user` (`UserID`,`FirstName`,`LastName`,`Password`,`ProfilePic`,`Street`,`City`,`Postal Code`,`Country`,`usertype`,`salt`) VALUES ('du@husky.neu.edu','du','yi','eceab6b7a39c752c84595a97684bcb588f2ff0b197ebcfa866990258971937a0',NULL,'1203boyl','Boston','02215','us','A','b32284e84ebc4ccfb492efa7da84b567');
INSERT INTO `user` (`UserID`,`FirstName`,`LastName`,`Password`,`ProfilePic`,`Street`,`City`,`Postal Code`,`Country`,`usertype`,`salt`) VALUES ('edfrancis@yachoo.ca','Edward','Francis','a665a45920422f9d417e4867efdc4fb8a04a1f3fff1fa07e998e86f7f7a27ae3',NULL,'230 Elgin Street','Ottawa','42345','Canada',NULL,'');
INSERT INTO `user` (`UserID`,`FirstName`,`LastName`,`Password`,`ProfilePic`,`Street`,`City`,`Postal Code`,`Country`,`usertype`,`salt`) VALUES ('eduardo@woodstock.com.br','Adams','Andrew','bcb15f821479b4d5772bd0ca866c00ad5f926e3580720659cc80d39c9d09802a',NULL,'Av. Brigadeiro Faria Lima','S?úo Jos?® dos Campos','12227','Brazil',NULL,'');
INSERT INTO `user` (`UserID`,`FirstName`,`LastName`,`Password`,`ProfilePic`,`Street`,`City`,`Postal Code`,`Country`,`usertype`,`salt`) VALUES ('ftremblay@gmail.com','Leonie','K?Âhler','af41e68e1309fa29a5044cbdc36b90a3821d8807e68c7675a6c495112bc8a55f',NULL,'1498 rue B?®langer','Montr?®al','1234','Canada',NULL,'');
INSERT INTO `user` (`UserID`,`FirstName`,`LastName`,`Password`,`ProfilePic`,`Street`,`City`,`Postal Code`,`Country`,`usertype`,`salt`) VALUES ('hholy@gmail.com','Helena','Hol?¢','ec4c88ca7f69534f10c0611c1ecd13e7c2cdf73e1b915e9fd0cf27ac10da43fa',NULL,'Rilsk?í 3174/6','Prague','14300','Czech Republic',NULL,'');
INSERT INTO `user` (`UserID`,`FirstName`,`LastName`,`Password`,`ProfilePic`,`Street`,`City`,`Postal Code`,`Country`,`usertype`,`salt`) VALUES ('jenniferp@rogers.ca','Park','Margaret','68487dc295052aa79c530e283ce698b8c6bb1b42ff0944252e1910dbecdc5425',NULL,'1600 Amphitheatre Parkway','Mountain View','92692','USA',NULL,'');
INSERT INTO `user` (`UserID`,`FirstName`,`LastName`,`Password`,`ProfilePic`,`Street`,`City`,`Postal Code`,`Country`,`usertype`,`salt`) VALUES ('jfernandes@yahoo.pt','Tim','Goyer','27497e64ea4f83085290b3f5288151cd405d4326c5289c307e50de67890ad507',NULL,'1 ghjasd Loop','Cupertino','95014','USA',NULL,'');
INSERT INTO `user` (`UserID`,`FirstName`,`LastName`,`Password`,`ProfilePic`,`Street`,`City`,`Postal Code`,`Country`,`usertype`,`salt`) VALUES ('jubarnett@gmail.com','Julia','Barnett','92925488b28ab12584ac8fcaa8a27a0f497b2c62940c8f4fbc8ef19ebc87c43e',NULL,'302 S 700 E','Salt Lake City','84102','USA',NULL,'');
INSERT INTO `user` (`UserID`,`FirstName`,`LastName`,`Password`,`ProfilePic`,`Street`,`City`,`Postal Code`,`Country`,`usertype`,`salt`) VALUES ('kara.nielsen@jubii.dk','Lok','Gihee','27497e64ea4f83085290b3f5288151cd405d4326c5289c307e50de67890ad507',NULL,'1 ghjasd Loop','Cupertino','95014','USA',NULL,'');
INSERT INTO `user` (`UserID`,`FirstName`,`LastName`,`Password`,`ProfilePic`,`Street`,`City`,`Postal Code`,`Country`,`usertype`,`salt`) VALUES ('mphilips12@shaw.ca','Edwards','Nancy','4cc8f4d609b717356701c57a03e737e5ac8fe885da8c7163d3de47e01849c635',NULL,'Theodor-Heuss-Stra?ƒe 34','Stuttgart','70174','Germany',NULL,'');
INSERT INTO `user` (`UserID`,`FirstName`,`LastName`,`Password`,`ProfilePic`,`Street`,`City`,`Postal Code`,`Country`,`usertype`,`salt`) VALUES ('robbrown@shaw.ca','Robert','Brown','937377f056160fc4b15e0b770c67136a5f03c15205b4d3bf918268fefa2c6d0a',NULL,'796 Dundas Street West','Toronto','94872','Canada',NULL,'');
INSERT INTO `user` (`UserID`,`FirstName`,`LastName`,`Password`,`ProfilePic`,`Street`,`City`,`Postal Code`,`Country`,`usertype`,`salt`) VALUES ('sup.ha@yahoo.no','sup','Ha','d7697570462f7562b83e81258de0f1e41832e98072e44c36ec8efec46786e24e',NULL,'henwey 14','Oslo','171','England','A','');
INSERT INTO `user` (`UserID`,`FirstName`,`LastName`,`Password`,`ProfilePic`,`Street`,`City`,`Postal Code`,`Country`,`usertype`,`salt`) VALUES ('tgoyer@apple.com','Tim','Goyer','69f7f7a7f8bca9970fa6f9c0b8dad06901d3ef23fd599d3213aa5eee5621c3e3',NULL,'1 Infinite Loop','Cupertino','95014','USA',NULL,'');
INSERT INTO `user` (`UserID`,`FirstName`,`LastName`,`Password`,`ProfilePic`,`Street`,`City`,`Postal Code`,`Country`,`usertype`,`salt`) VALUES ('wang.zhen@hus.enu.edu','Zhen','Wang','40d8d080d783a088a51d843932c540c009bb044c085b4ce11fff93c41b5e61ce',?,'1203boyl','Boston','02215','is','S','');


--
-- Dumping data for table `admin`
--
INSERT INTO `admin` VALUES ('eduardo@woodstock.com.br','Manager','2009-01-01','eduardo@woodstock.com.br'),('jfernandes@yahoo.pt','Operator','2009-01-03','eduardo@woodstock.com.br'),('kara.nielsen@jubii.dk','Operator','2009-01-03','eduardo@woodstock.com.br'),('mphilips12@shaw.ca','Trainee','2009-01-03','jfernandes@yahoo.pt'),('robbrown@shaw.ca','Trainee','2009-01-03','kara.nielsen@jubii.dk'),('sup.ha@yahoo.no','Trainee','2009-01-01',NULL);


--
-- Dumping data for table `course`
--

INSERT INTO `course` VALUES (1100,'CS&Its Applications','The learning Link',NULL,2000,'Computer Science'),(1290,'History of the Global Economy','Development for global economics',NULL,2000,'Economics'),(1800,'Discrete Structures','NU path Formal',NULL,4000,'Computer Science'),(2340,'Soil Mechanics','Soil Analyzing',NULL,4000,'Engineering'),(3200,'Database Design','NU path Analyzing',NULL,4000,'Computer Science'),(3425,'Steel Design','Structure design for steel engineering',NULL,4000,'Engineering'),(3442,'Money and banking','Money and banking',NULL,4000,'Economics'),(4575,'Construction Management','Construction for whole project life process',NULL,3000,'Engineering'),(5140,'Applied Econometrics','Application for ecnonmics',NULL,4000,'Economics'),(5280,'Remote Sensing','Remote sensing',NULL,4000,'Engineering'),(5376,'Traffic Engineering','Bridages and roads design',NULL,2000,'Engineering'),(7251,'International Finance','Development and trend for international finance',NULL,4000,'Economics');



--
-- Dumping data for table `enrollcourse`
--

INSERT INTO `enrollcourse` VALUES (1100,'jenniferp@rogers.ca','2009-02-05',434234,'false','complete'),(1100,'mphilips12@shaw.ca','2009-02-04',431323,'false','InProgress'),(1290,'hholy@gmail.com','2009-02-03',413212,'false','InProgress'),(1800,'jenniferp@rogers.ca','2009-02-05',534543,'True','Complete'),(1800,'mphilips12@shaw.ca','2009-02-04',312312,'True','Complete'),(1800,'tgoyer@apple.com','2009-02-05',432444,'True','Complete'),(2340,'ftremblay@gmail.com','2009-02-06',897987,'false','InProgress'),(2340,'jubarnett@gmail.com','2009-02-04',532132,'false','InProgress'),(3200,'bij.hanen@yahoo.no','2009-02-04',112617,'True','InProgress'),(3200,'mphilips12@shaw.ca','2009-02-04',432423,'false','InProgress'),(3200,'tgoyer@apple.com','2009-02-03',543771,'false','InProgress'),(3425,'ftremblay@gmail.com','2009-02-06',676767,'false','InProgress'),(3425,'jubarnett@gmail.com','2009-02-04',124512,'false','InProgress'),(3442,'hholy@gmail.com','2009-02-03',546423,'false','InProgress'),(4575,'ftremblay@gmail.com','2009-02-06',576558,'false','InProgress'),(5140,'hholy@gmail.com','2009-02-03',543643,'false','InProgress'),(5280,'bjorn.hansen@yahoo.no','2009-02-03',545456,'false','InProgress'),(5280,'robbrown@shaw.ca','2009-02-03',213411,'false','InProgress'),(5376,'bjorn.hansen@yahoo.no','2009-02-03',896655,'false','InProgress'),(5376,'jenniferp@rogers.ca','2009-02-04',112617,'True','InProgress'),(5376,'jubarnett@gmail.com','2009-02-04',321123,'false','InProgress'),(7251,'hholy@gmail.com','2009-02-03',312743,'false','InProgress');

--
-- Dumping data for table `answer`
--



--
-- Dumping data for table `certification`
--

INSERT INTO `certification` VALUES (1800,'jenniferp@rogers.ca','SXI116789');



--
-- Dumping data for table `faculty`
--

INSERT INTO `faculty` VALUES ('bij.hanen@yahoo.no','jfernandes@yahoo.pt','Chair','www.bijn.com','CCIS','Verified'),('edfrancis@yachoo.ca','jfernandes@yahoo.pt','Chair','www.edfrancis.com','CCIS','Verifed'),('jenniferp@rogers.ca','jfernandes@yahoo.pt','Professor','www.emma.com','CCIS','Verifed'),('jubarnett@gmail.com','jfernandes@yahoo.pt','Assistant Professor','www.phil.com','CCIS','Not-Verifed');



--
-- Dumping data for table `create_course`
--

INSERT INTO `create_course` VALUES ('edfrancis@yachoo.ca',1100,'2009-02-01'),('edfrancis@yachoo.ca',1800,'2009-02-01'),('edfrancis@yachoo.ca',2340,'2009-02-02'),('edfrancis@yachoo.ca',3200,'2009-02-01'),('edfrancis@yachoo.ca',3425,'2009-02-02'),('jenniferp@rogers.ca',3442,'2009-02-03'),('jenniferp@rogers.ca',5280,'2009-02-02'),('jenniferp@rogers.ca',5376,'2009-02-02'),('jenniferp@rogers.ca',7251,'2009-02-03'),('jubarnett@gmail.com',1290,'2009-02-03'),('jubarnett@gmail.com',4575,'2009-02-02'),('jubarnett@gmail.com',5140,'2009-02-03');

--

--
-- Dumping data for table `material`
--

INSERT INTO `material` VALUES (1,1100,'chapter1','Post'),(1,1290,'Course Information','Post'),(1,1800,'Reference Book','Post'),(1,2340,'Chapter 1','Post'),(1,3200,'Reference Book','Link'),(1,3425,'Final exam Review','Post'),(1,3442,'Reference Book','Link'),(1,4575,'Chapter 1','Downloadable'),(1,5140,'Course Information','Post'),(1,5280,'Class video','Link'),(1,5376,'Reference Book','Post'),(1,7251,'Reference Book','Link'),(2,1100,'homework1','Downloadable'),(2,2340,'Chapter 2','Post'),(2,3200,'Mid-term Review','Downloadable'),(2,3442,'Course Information','Post'),(2,4575,'Project Information','Post'),(2,5376,'Class video','Link'),(3,1100,'Classvideo','Link'),(3,5376,'Homework solution','Downloadable');


--
-- Dumping data for table `completion`
--

INSERT INTO `completion` VALUES (1,1100,'jenniferp@rogers.ca','2009-05-04','completed',5,NULL,93),(1,1100,'mphilips12@shaw.ca','2009-05-04','completed',3,NULL,93),(1,1800,'jenniferp@rogers.ca','2009-02-04','completed',5,NULL,93),(1,1800,'mphilips12@shaw.ca','2009-05-04','NotCompleted',NULL,NULL,93),(1,3200,'mphilips12@shaw.ca','2009-05-04','completed',3,NULL,93),(2,1100,'jenniferp@rogers.ca','2009-05-04','Notcompleted',NULL,NULL,95),(2,1100,'mphilips12@shaw.ca','2009-05-04','Notcompleted',NULL,NULL,95),(2,3200,'mphilips12@shaw.ca','2009-05-04','completed',3,NULL,95),(3,1100,'jenniferp@rogers.ca','2009-05-04','Notcompleted',NULL,NULL,90),(3,1100,'mphilips12@shaw.ca','2009-05-04','completed',3,NULL,90);



-- Dumping data for table `downloadable`
--

INSERT INTO `downloadable` VALUES (1,4575,'/user/desktop','1MB','word'),(2,1100,'/user/desktop','2.5MB','word'),(2,3200,'/user/desktop','2.1MB','ppt'),(3,5376,'/user/desktop','1.5MB','word');



--
-- Dumping data for table `link`
--

INSERT INTO `link` VALUES (1,3200,'www.youtube.2.com',NULL),(1,3442,'www.youtube.5.com',NULL),(1,5280,'www.youtube.3.com',NULL),(2,5376,'www.youtube.4.com',NULL),(3,1100,'www.youtube.1.com',NULL);


--
-- Dumping data for table `phoneno`
--

INSERT INTO `phoneno` VALUES ('bjorn.hansen@yahoo.no',47224422),('edfrancis@yachoo.ca',161323422),('eduardo@woodstock.com.br',551135446),('eduardo@woodstock.com.br',1130335446),('ftremblay@gmail.com',1514721471),('hholy@gmail.com',41044129),('jenniferp@rogers.ca',604688225),('jubarnett@gmail.com',180153172),('mphilips12@shaw.ca',2147483647),('robbrown@shaw.ca',141636388),('tgoyer@apple.com',408996100);

--
-- Dumping data for table `post`
--

INSERT INTO `post` VALUES (1,1100,NULL),(1,1290,NULL),(1,1800,NULL),(1,2340,NULL),(1,3425,NULL),(1,5140,NULL),(1,5376,NULL),(2,2340,NULL),(2,3442,NULL),(2,4575,NULL);

--
-- Dumping data for table `question`
--

INSERT INTO `question` VALUES ('ftremblay@gmail.com',14575,1,4575,'QUESTION','True',7),('ftremblay@gmail.com',22340,2,2340,'QUESTION 8','True',7),('ftremblay@gmail.com',24575,2,4575,'QUESTION 10','True',7),('jenniferp@rogers.ca',11100,1,1100,'QUSTION','True',15),('jenniferp@rogers.ca',21100,2,1100,'QUESTION 5','True',15),('mphilips12@shaw.ca',11100,1,1100,'QUESTION1','True',11),('mphilips12@shaw.ca',11800,1,1800,'QUESTION 2','True',11),('mphilips12@shaw.ca',21100,1,1100,'QUESTION 4','True',11),('mphilips12@shaw.ca',23200,2,3200,'QUESTION 3','True',11),('tgoyer@apple.com',11800,1,1800,'QUESTION 7','False',0);



INSERT INTO `answer` VALUES ('ftremblay@gmail.com',14575,1,4575,'jenniferp@rogers.ca','ANSWER 9'),('ftremblay@gmail.com',22340,2,2340,'jenniferp@rogers.ca','ANSWER 8'),('ftremblay@gmail.com',24575,2,4575,'jenniferp@rogers.ca','ANSWER 10'),('jenniferp@rogers.ca',21100,2,1100,'jubarnett@gmail.com','ANSWER 5'),('mphilips12@shaw.ca',11100,1,1100,'edfrancis@yachoo.ca','ANSWER 1'),('mphilips12@shaw.ca',11100,1,1100,'jubarnett@gmail.com','ANSWER 6'),('mphilips12@shaw.ca',11800,1,1800,'edfrancis@yachoo.ca','ANSWER 2'),('mphilips12@shaw.ca',21100,1,1100,'edfrancis@yachoo.ca','ANSWER 4'),('mphilips12@shaw.ca',23200,2,3200,'edfrancis@yachoo.ca','ANSWER 3'),('tgoyer@apple.com',11800,1,1800,'jubarnett@gmail.com','ANSWER 7');

--
-- Dumping data for table `sectopic`
--

INSERT INTO `sectopic` VALUES (1100,'Seminar'),(1800,'Data Analysis'),(2340,'Mechanics'),(3200,'Data management'),(3200,'Database'),(3425,'Structure'),(3442,'Finance'),(4575,'Building information system'),(4575,'Cost Estimate'),(4575,'Labor Management'),(4575,'Project Control'),(5280,'Sensing'),(5376,'Transportation');

--
-- Dumping data for table `user`
--




